AGE,PTGENDER,PTEDUCAT,APOE4,APOE2,MMSE,ADNI_MEM,ADNI_EF,DECLINED
80.1,1,12,0,0,23,-0.743,-1.528,1
62.4,1,20,0,0,25,0.079,-1.077,0
82.6,0,10,0,0,23,-0.758,0.016,0
80.2,0,16,0,0,22,-1.137,-0.196,0
59.7,0,18,0,0,25,-1.825,-2.231,1
87.7,1,16,0,0,20,-0.5660000000000001,0.355,0
84.3,1,16,0,0,25,-0.546,0.444,0
89.1,0,20,0,0,26,-0.228,-1.409,0
83.4,0,14,0,1,20,-1.068,-1.374,0
56.5,0,20,0,0,23,-0.426,-2.086,1
69.2,1,18,0,0,26,-0.419,-2.048,1
87.8,0,14,0,0,20,-0.696,-1.109,0
75.6,1,12,0,0,26,-0.298,-0.11,1
78.6,1,20,0,0,21,-0.551,-1.915,1
75.8,0,16,0,0,23,-0.8370000000000001,-0.105,0
74.5,1,19,0,0,26,-0.715,-1.463,1
80.3,1,14,0,0,26,0.15,-1.179,0
84.7,0,12,0,0,22,-1.209,-1.514,1
82.2,0,16,0,0,23,-1.025,-0.607,1
86.3,0,10,0,1,21,-2.05,-1.994,1
90.9,0,16,0,0,26,-0.723,-1.4809999999999999,1
70.8,1,12,0,0,25,-1.504,-1.328,1
70.7,0,13,0,0,26,-0.371,0.33799999999999997,0
79.8,1,16,0,0,22,-1.515,-2.086,1
82.6,1,16,0,0,28,0.015,0.20800000000000002,0
84.3,1,11,0,0,21,-0.635,-0.607,1
72.7,0,12,0,0,21,-1.6380000000000001,-1.994,1
79.5,0,13,0,0,25,-0.862,-0.674,1
75.2,0,18,0,0,20,-2.068,-2.105,1
87.7,1,8,0,0,24,-1.284,-1.625,0
81.3,1,18,1,0,20,-0.848,-1.112,0
73.9,0,12,1,0,24,-0.7809999999999999,-0.322,0
64.1,1,18,1,0,21,-1.61,-2.289,1
78.3,1,12,1,0,25,-0.872,-0.153,0
75.3,0,14,1,0,24,-0.7120000000000001,0.033,0
77.2,0,16,1,0,23,-1.526,-1.601,1
70.7,0,14,1,0,21,-1.284,-2.485,1
70.1,0,16,1,0,25,-1.004,-0.88,1
71.8,1,18,1,0,24,-0.389,0.892,0
76.4,1,16,1,0,26,0.24,0.016,0
72.4,0,14,1,0,21,-0.54,-0.883,0
78.8,1,18,1,0,27,-0.653,0.096,1
85.5,1,20,1,0,26,-0.23199999999999998,0.016,1
76.6,1,17,1,0,24,-0.385,-2.086,1
71.8,1,12,1,0,22,-1.216,-0.9329999999999999,1
75.9,0,15,1,0,26,0.038,-0.29,0
79.6,1,16,1,0,24,-0.038,-0.052000000000000005,1
82.7,0,12,1,0,25,-0.636,-0.631,1
76.4,1,20,1,0,22,-1.8869999999999998,-0.992,1
76.8,1,15,1,0,23,-0.6409999999999999,-0.46299999999999997,1
72.2,0,18,1,0,25,-1.037,-2.591,1
83.3,1,11,1,0,20,-1.557,-1.8019999999999998,1
68.0,1,16,1,0,26,-1.645,-1.3659999999999999,1
79.6,1,20,1,0,25,-0.8270000000000001,-0.563,0
70.6,0,14,1,0,23,-1.169,-1.026,1
69.4,0,12,1,0,25,-1.11,-1.4140000000000001,1
68.9,1,20,1,0,26,-1.729,-1.653,1
71.0,0,16,1,0,21,-1.633,-1.216,1
78.1,1,16,1,0,22,-1.177,-0.052000000000000005,0
84.3,0,18,1,0,24,-0.33799999999999997,0.6,0
72.5,0,16,1,1,26,-0.502,-0.237,0
79.3,0,12,1,0,22,-0.883,-1.097,1
86.2,1,18,1,0,21,-0.9179999999999999,-0.9179999999999999,0
78.5,0,12,1,0,26,-0.7959999999999999,-1.09,1
65.6,1,13,1,0,25,-0.777,-2.086,1
81.9,1,12,1,0,24,-0.42100000000000004,-0.81,0
84.5,1,20,1,0,23,-1.4580000000000002,-1.004,0
80.3,0,12,1,0,25,-0.777,-0.10099999999999999,0
77.8,0,17,1,0,21,-0.376,-1.167,1
77.4,1,13,1,0,21,-1.35,-0.706,0
71.4,0,8,1,0,23,-0.185,0.033,0
72.9,1,13,1,0,23,-0.265,-1.023,0
71.5,1,12,1,0,24,-0.7959999999999999,-0.655,1
72.0,0,18,1,0,26,-0.889,-0.45299999999999996,0
71.2,1,6,1,0,21,-1.4069999999999998,-1.3359999999999999,0
59.9,1,16,1,0,25,0.16399999999999998,-1.185,1
80.0,0,18,1,1,26,-0.113,-1.9509999999999998,0
79.3,0,8,1,0,25,-0.484,-1.285,1
74.7,0,8,1,0,25,-1.119,-0.79,1
75.3,0,13,1,0,24,-1.067,-0.799,0
79.7,1,14,1,0,23,-0.47,-0.858,0
71.6,0,12,1,0,24,-1.32,-0.9940000000000001,0
84.2,1,10,1,0,26,-0.9570000000000001,-0.7809999999999999,0
75.4,1,20,1,0,21,-2.265,-2.5660000000000003,1
65.9,1,15,1,0,21,-1.528,-2.719,1
83.4,0,12,1,0,21,-0.693,-0.752,1
73.2,1,17,2,0,22,-1.607,-0.45899999999999996,0
65.6,1,8,2,0,21,-1.666,-1.374,1
65.9,0,13,2,0,25,-0.375,0.008,1
67.4,1,18,2,0,20,-1.073,-0.485,1
56.4,1,16,2,0,23,-0.5479999999999999,2.398,0
80.9,1,16,2,0,26,-0.753,-1.334,1
74.0,1,16,2,0,25,-0.8490000000000001,0.099,0
84.6,0,17,2,0,20,-1.641,-0.657,0
77.3,0,16,2,0,26,-0.46799999999999997,-0.7909999999999999,0
75.7,1,12,2,0,23,-0.675,0.662,0
72.4,0,12,2,0,24,-0.7240000000000001,-1.004,1
68.5,0,10,2,0,23,-0.853,-0.708,0
58.4,0,12,2,0,23,-0.506,-0.7440000000000001,1
63.6,1,12,2,0,22,-1.636,-2.479,1
57.1,0,14,2,0,23,0.22899999999999998,-1.528,1
65.5,1,16,2,0,24,-1.275,-0.625,1
71.5,0,14,2,0,22,-1.578,-1.185,1
64.9,0,15,2,0,24,-0.618,-0.26,0
70.9,1,18,2,0,22,-1.501,-2.483,1
69.5,0,13,2,0,22,-1.635,-2.741,1
77.6,0,16,2,0,25,-1.057,0.016,1
